<?xml version="1.0" encoding="UTF-8"?>
<beans xmlns="http://www.springframework.org/schema/beans"
       xmlns:context="http://www.springframework.org/schema/context"
       xmlns:mvc="http://www.springframework.org/schema/mvc"
       xmlns:xsi="http://www.w3.org/2001/XMLSchema-instance"
       xsi:schemaLocation="http://www.springframework.org/schema/beans
        http://www.springframework.org/schema/beans/spring-beans-3.2.xsd
        http://www.springframework.org/schema/context
		http://www.springframework.org/schema/context/spring-context-3.2.xsd
		http://www.springframework.org/schema/mvc
		http://www.springframework.org/schema/mvc/spring-mvc-3.2.xsd">

    <!-- 配置扫描器，扫描base-package属性给出目录下的所有打上注册组件的注解的类并写入IOC容器成为Bean -->
    <context:component-scan base-package="com.zhangly"/>
    <!-- 配置注解驱动，为注解提供支持 -->
    <mvc:annotation-driven/>

    <!-- 配置数据源 -->
    <bean id="ds" class="org.apache.commons.dbcp.BasicDataSource">
        <property name="driverClassName" value="com.mysql.jdbc.Driver"/>
        <property name="url" value="jdbc:mysql://localhost:3306/test"/>
        <property name="username" value="root"/>
        <property name="password" value="root"/>
    </bean>

    <!-- 配置视图解析器，前缀+控制器返回的逻辑名+后缀=控制器的跳转路径 -->
    <bean class="org.springframework.web.servlet.view.InternalResourceViewResolver">
        <!-- 前缀 -->
        <property name="prefix" value="/jsp/" />
        <!-- 后缀 -->
        <property name="suffix" value=".jsp" />
    </bean>
</beans>